Name,Genre,Duration,Rating,Voting
The Ministry of Ungentlemanly Warfare,War,122,6.8,138000
The Six Triple Eight,War,127,6.7,28000
Dirty Angels,War,104,4.4,3800
Nr. 24,War,111,7.5,16000
Blitz,War,120,6.2,17000
William Tell,War,134,5.7,3000
My Dead Friend Zoe,War,103,6.5,2700
Uprising,War,126,6.6,5800
Goebbels and the Führer,War,135,6.7,2500
Amaran,War,167,8.1,19000
Chandu Champion,War,142,7.8,34000
Without Blood,War,91,7.4,110
Bau: Artist at War,War,130,7.3,63
Before Dawn,War,101,5.4,1100
The Witch: Revenge,War,100,5.3,869
Ka Whawhai Tonu,War,115,7.3,194
Decoded,War,156,5.7,458
Quisling: The Final Days,War,146,7.1,1300
Escape from Germany,War,97,5.4,1100
The Friendly,War,101,8.2,17
Battlefield,War,104,6.2,696
24 Hours to D-Day,War,83,3.5,81
"Canadian, Sniper",War,83,3.3,364
Conquer: Lahad Datu,War,120,6.6,543
Murder Company,War,86,3.6,1600
The Last Front,War,98,5.5,633
Laws of Man,War,98,5.5,1400
Air War,War,106,6.4,119
All the Lost Ones,War,106,3.6,269
Invasion,War,91,4.8,736
Kang Mak,War,122,6.4,872
"Love, Courage and the Battle of Bushy Run",War,113,5.0,190
Atatürk II: 1881-1919,War,141,8.9,2300
Dharmarakshak Mahaveer Chhatrapati Sambhaji Maharaj,War,174,8.2,669
Call of Duty,War,0,8.6,13
WWII: Operation Phoenix,War,106,5.8,98
Hitler,War,128,5.2,312
Der Deserteur,War,93,9.5,21
Le quatrième mur,War,116,6.3,139
The Volunteers: The Battle of Life and Death,War,144,6.1,247
The Shamrock Spitfire,War,108,5.2,493
The Yin Yang Master Zero,War,112,5.7,286
Fortunes of War,War,85,3.6,182
Chhava,War,51,8.4,2200
Ei koskaan yksin,War,85,7.1,442
Red Poppies,War,122,4.7,332
The Battle for Kyiv,War,0,7.2,39
War Blade,War,94,3.9,254
The Epidemic,War,95,5.9,71
Aserb: The Squadron,War,120,5.2,319
Russians at War,War,129,2.0,1100
Bardejov,War,85,4.8,180
The Mousetrap,War,87,7.2,22
Pozyvnoy «Passazhir»,War,101,4.8,234
Occupied,War,77,0.0,0
Klitschko: More Than a Fight,War,96,6.3,512
The Liberation Men,War,90,6.6,90
Peter Brook's the Mahabharata (8K),War,173,0.0,0
White Courage,War,115,6.4,637
Hengyang 1944,War,0,8.2,18
Duffle Bag Boy,War,0,6.8,60
The Dugout,War,114,5.4,764
Operation Thule,War,160,0.0,0
Ludzie,War,117,6.5,54
Village of Death: Oradour-sur-Glane 1944,War,58,7.8,15
Dwie siostry,War,92,5.6,40
Haywire: Gunslingers,War,85,2.1,31
Bozji gnjev,War,111,7.2,59
Burning Stars,War,84,6.6,46
The Dakota War: Attack on Fort Ridgely,War,80,0.0,0
Drava se ne predaje,War,0,8.3,9
Burgemeestersmoord,War,0,6.4,87
Kargil 1999- The Untold Story of the Indian Air Force,War,0,8.5,15
Scars,War,74,7.7,24
October 7 - Al Jazeera Investigations,War,60,5.2,58
Dun huang ying xiong,War,0,0.0,0
We Were Recruits,War,92,6.9,245
Life and Death in Gaza,War,88,8.5,10
Wo de Ye Ye,War,97,0.0,0
Operation Star,War,102,7.8,25
Korni,War,137,8.2,16
"Dao, Pho Va Piano",War,100,5.7,212
No Tomorrow,War,0,0.0,0
"Arlempdes, la légende du premier château de la Loire",War,0,6.5,12
Blood Vendetta,War,90,7.7,239
Mythical Creatures,War,90,0.0,0
The West Sky,War,0,5.1,134
"America, Invaded",War,82,7.3,20
Vremya vernutsya,War,100,6.6,19
Here We Are Now,War,62,0.0,0
Kara Kyz,War,111,5.1,21
Ekpebiwo m (I have Decided),War,0,0.0,0
El laberinto. La guerra secreta de España,War,121,0.0,0
Sha Hai zhi Men,War,0,0.0,0
Sem chyornykh bumag,War,96,6.8,58
Majnoon,War,0,6.9,35
VC 571,War,0,0.0,0
Ukraine Mon Amour,War,0,0.0,0
Pidyomna syla,War,87,8.6,71
Jewish Revenge 6: Gaza in Focus,War,0,6.0,27
Krigsvarsleren,War,55,7.8,8
"Por ti, Portugal, eu juro!",War,98,8.0,7
The Daughter,War,97,6.4,10
Roots,War,92,0.0,0
Eddy's oorlog,War,101,7.7,46
Da Tu Wei,War,110,0.0,0
The Youngest Partisan,War,135,0.0,0
Iron Lady Sniper,War,72,0.0,0
Twisted America,War,49,0.0,0
Saigon,War,0,0.0,0
Athletes of War,War,95,0.0,0
As Noites Ainda Cheiram a Pólvora,War,92,0.0,0
Un milione di granelli di sabbia,War,64,0.0,0
Renverse,War,127,0.0,0
Rinnans rival,War,94,0.0,0
"Gaza, since October 7",War,94,0.0,0
Los indomables,War,106,6.5,9
Iyunskaya polyn,War,79,8.7,7
72 Sigan,War,240,0.0,0
Churchill's Forgotten War,War,47,7.4,14
Bloody Sniper,War,93,0.0,0
For the Love of the Motherland,War,0,0.0,0
Krasnye lenty,War,62,5.3,23
On Moral Grounds,War,74,8.4,7
The Lights,War,0,0.0,0
Prazdnik,War,73,0.0,0
Fedeltà Soldati. Prigionieri.,War,80,0.0,0
Dosije Kosovo - Pogrom,War,109,7.6,5
Do You Want to See Part Two?,War,74,0.0,0
11.11.18 Soldat Inconnu,War,78,0.0,0
Colonel Xanthi,War,0,0.0,0
Casques bleuEs,War,82,0.0,0
Kadetar,War,119,0.0,0
Attack Jiajin Mountain,War,96,0.0,0
Gladiator II,Adventure,148,6.5,249000
Venom: The Last Dance,Adventure,110,6.0,128000
Dune: Part Two,Adventure,166,8.5,639000
Twisters,Adventure,122,6.5,175000
Deadpool & Wolverine,Adventure,128,7.5,505000
Kraven the Hunter,Adventure,127,5.5,62000
Freaky Tales,Adventure,107,6.2,6900
Moana 2,Adventure,100,6.6,108000
Flow,Adventure,85,7.9,83000
Mufasa: The Lion King,Adventure,118,6.6,70000
Furiosa: A Mad Max Saga,Adventure,148,7.5,290000
The Count of Monte-Cristo,Adventure,178,7.6,37000
Sonic the Hedgehog 3,Adventure,110,6.9,64000
Paddington in Peru,Adventure,106,6.7,25000
The Unholy Trinity,Adventure,95,0.0,0
Transformers One,Adventure,104,7.6,53000
Ghostbusters: Frozen Empire,Adventure,115,6.1,95000
Inside Out 2,Adventure,96,7.5,221000
Borderlands,Adventure,101,4.7,50000
Despicable Me 4,Adventure,94,6.2,68000
The Return,Adventure,116,6.2,10000
Bad Boys: Ride or Die,Adventure,115,6.5,102000
The Lord of the Rings: The War of the Rohirrim,Adventure,134,6.3,33000
Kingdom of the Planet of the Apes,Adventure,145,6.8,154000
Godzilla x Kong: The New Empire,Adventure,115,6.0,124000
Damsel,Adventure,110,6.1,111000
Kung Fu Panda 4,Adventure,94,6.3,70000
Red One,Adventure,123,6.3,142000
The Day the Earth Blew Up: A Looney Tunes Movie,Adventure,91,6.9,5300
Uglies,Adventure,100,4.7,34000
Attack on Titan the Movie: The Last Attack,Adventure,145,9.2,17000
Spaceman,Adventure,107,5.7,44000
Kalki 2898 AD,Adventure,180,7.0,68000
Solo Leveling: ReAwakening,Adventure,121,8.8,14000
Survive,Adventure,90,4.6,3000
Lost on a Mountain in Maine,Adventure,98,6.1,1500
Harold and the Purple Crayon,Adventure,90,5.7,8800
Wallace & Gromit: Vengeance Most Fowl,Adventure,82,7.5,36000
Atlas,Adventure,118,5.6,57000
The Garfield Movie,Adventure,101,5.7,25000
Sunlight,Adventure,96,7.6,29
Arthur the King,Adventure,107,7.0,35000
Monster Summer,Adventure,97,5.7,4000
Rebel Moon - Part Two: The Scargiver,Adventure,122,5.3,60000
Spellbound,Adventure,109,5.5,7800
My Penguin Friend,Adventure,97,6.8,5700
Descendants: The Rise of Red,Adventure,91,4.7,7200
Orion and the Dark,Adventure,93,6.3,18000
Sketch,Adventure,92,8.3,66
Badland Hunters,Adventure,107,5.9,13000
No Way Up,Adventure,90,4.6,11000
River of Blood,Adventure,86,5.0,1900
The Goat Life,Adventure,173,7.1,48000
Bookworm,Adventure,103,6.0,2000
Sasquatch Sunset,Adventure,88,5.4,5600
Doraemon the Movie: Nobita's Earth Symphony,Adventure,115,6.6,1600
Winner,Adventure,103,6.5,2600
Night of the Zoopocalypse,Adventure,91,6.0,884
Manjummel Boys,Adventure,135,8.2,28000
Justice League: Crisis on Infinite Earths - Part One,Adventure,93,6.2,8700
Family Pack,Adventure,94,5.5,9500
That Christmas,Adventure,91,6.8,17000
Overlord: The Sacred Kingdom,Adventure,135,6.9,1400
Crayon Shin-chan: Our Dinosaur Diary,Adventure,106,6.7,583
"I, the Executioner",Adventure,118,6.3,1900
Escape from the 21st Century,Adventure,98,6.4,998
Saint-Exupéry,Adventure,98,5.4,484
Dragonkeeper,Adventure,98,5.7,1800
Something in the Water,Adventure,86,4.1,5000
Justice League: Crisis on Infinite Earths - Part Three,Adventure,94,6.1,4700
Thelma the Unicorn,Adventure,93,5.7,3000
Megamind vs. The Doom Syndicate,Adventure,83,2.5,5700
Cult Killer,Adventure,105,4.8,2900
Hanu Man,Adventure,158,7.7,29000
The Best Christmas Pageant Ever,Adventure,99,6.8,6200
Justice League: Crisis on Infinite Earths - Part Two,Adventure,94,5.6,5500
A Legend,Adventure,129,4.7,1000
The Last Redemption,Adventure,122,6.9,5200
Diving Into the Darkness,Adventure,96,8.9,88
Ultraman: Rising,Adventure,117,6.9,6500
Anaconda,Adventure,84,4.9,662
Demon Slayer: Kimetsu No Yaiba - To the Hashira Training,Adventure,104,7.2,8800
Son's Will,Adventure,148,7.4,1000
The Courier,Adventure,101,6.0,4500
This Too Shall Pass,Adventure,105,8.5,18
Escape,Adventure,94,6.4,2200
My Hero Academia: You're Next,Adventure,110,7.0,2600
The Empire,Adventure,110,5.2,1300
200% Wolf,Adventure,98,5.9,1300
Buffalo Kids,Adventure,93,6.6,765
At Her Feet,Adventure,100,7.2,51
The Wages of Fear,Adventure,104,4.6,4200
My Oni Girl,Adventure,112,6.0,1800
Kanguva,Adventure,152,4.5,15000
Bureau 749,Adventure,123,4.0,574
Seeds,Adventure,82,5.0,218
Golden Kamuy,Adventure,127,6.3,2600
Bambi: A Tale of Life in the Woods,Adventure,78,5.6,239
No Chains No Masters,Adventure,98,6.3,648
Cells at Work!,Adventure,109,6.6,354
Thangalaan,Adventure,156,6.5,6800
The Price of Money: A Largo Winch Adventure,Adventure,100,5.1,1200
A.R.M,Adventure,150,7.1,8900
Diplodocus,Adventure,90,6.3,195
The Tiger's Apprentice,Adventure,84,5.8,2200
Bade Miyan Chote Miyan,Adventure,163,3.7,39000
The Twisters,Adventure,86,2.5,385
The Kingdom,Adventure,133,7.0,141
Sixty Minutes,Adventure,88,5.7,5200
Marianengraben,Adventure,87,7.3,93
Never Look Away,Adventure,85,7.2,283
The Backrooms,Adventure,63,8.2,15
Kalvan,Adventure,142,5.6,989
The Mountain,Adventure,89,6.6,163
Devil's Knight,Adventure,90,5.3,959
Eat the Night,Adventure,106,6.0,558
Chuck Billy and the Marvelous Guava Tree,Adventure,90,7.4,1200
Hitpig,Adventure,86,5.1,1000
Dalia and the Red Book,Adventure,107,5.9,144
Meanwhile on Earth,Adventure,89,6.0,950
Empire Queen: The Golden Age of Magic,Adventure,148,3.2,228
Woody Woodpecker Goes to Camp,Adventure,100,4.5,2600
Unspeakable: Beyond the Wall of Sleep,Adventure,90,5.3,81
Saving Bikini Bottom: The Sandy Cheeks Movie,Adventure,82,3.7,4000
Kaizen,Adventure,160,7.1,731
Five Friends,Adventure,112,6.7,954
Robin and the Hoods,Adventure,100,4.3,540
Gladiators,Adventure,95,4.5,108
Autumn and the Black Jaguar,Adventure,100,5.6,1000
A Sloth Story,Adventure,90,5.6,231
Noah's Ark,Adventure,96,4.3,696
Man and Witch: The Dance of a Thousand Steps,Adventure,94,5.5,350
Rebellious,Adventure,94,6.1,231
Angels Fallen: Warriors of Peace,Adventure,103,4.8,5800
Nintama Rantaro Dokutake Ninja-tai Saikyou no Gunshi,Adventure,90,7.3,38
Formed Police Unit,Adventure,120,4.7,1400
Lumina,Adventure,113,2.1,701
Operation Blood Hunt,Adventure,93,3.4,510
The Last Ronin,Adventure,115,4.9,591
Now or Never!,Adventure,0,2.2,17000
The Firing Squad,Adventure,93,5.1,5100
Panda Bear in Africa,Adventure,84,5.5,369
Roadkill,Adventure,90,3.7,693
Sam and Colby: The Legends of the Paranormal,Adventure,98,4.8,314
Its Name Was Mormo,Adventure,93,3.6,126
Operation: Raqqa,Adventure,107,5.6,289
Bionic,Adventure,110,4.3,1800
War of the Worlds: Extinction,Adventure,84,3.0,213
No Time to Spy: A Loud House Movie,Adventure,81,6.3,487
The Keepers of the 5 Kingdoms,Adventure,109,4.0,228
Going Viral,Adventure,90,8.3,300
Captain Miller,Adventure,157,6.9,11000
Ayalaan,Adventure,155,5.9,4000
Ice Maiden,Adventure,90,8.6,83
Dongeng Sang Kancil,Adventure,99,6.7,216
Pimpinero: Blood and Oil,Adventure,121,5.6,571
Gaami,Adventure,147,6.3,2100
Guest from the Future,Adventure,141,6.0,1200
Witch Hunter,Adventure,80,4.8,26
The Last of Us: Immunity,Adventure,64,4.2,30
The Magician's Raincoat,Adventure,0,5.0,128
The Lost Tiger,Adventure,90,7.9,50
My Freaky Family,Adventure,86,6.2,422
Barroz: Guardian of Treasures,Adventure,155,3.4,1000
WWII: Operation Phoenix,Adventure,106,5.8,98
Z-Mom,Adventure,90,5.0,46
Seeking the King,Adventure,0,0.0,0
Seven Seas Seven Hills,Adventure,90,8.5,94
School of Magical Animals 3,Adventure,105,5.8,340
Big City Greens the Movie: Spacecation,Adventure,83,6.2,568
Return to Wickensburg,Adventure,88,5.1,53
Mobile Suit Gundam SEED Freedom,Adventure,124,6.6,979
Storm Crashers,Adventure,88,6.2,576
Little Emma,Adventure,106,5.4,132
The Adventures of Jurassic Pet: Return to the Wild,Adventure,90,5.5,76
Space Ranger,Adventure,0,3.5,84
Elli and the Ghostly Ghost Train,Adventure,86,5.1,109
Major Grom: The Game,Adventure,168,6.1,1900
Road Wars: Max Fury,Adventure,83,2.0,367
Un lío de millones,Adventure,91,5.3,254
The Casagrandes Movie,Adventure,89,5.6,688
Gracie and Pedro: Pets to the Rescue,Adventure,87,5.0,287
Mong Vuot,Adventure,96,5.0,169
The Waves of Madness,Adventure,68,5.9,95
Spiders on a Plane,Adventure,78,4.9,379
Taklee Genesis x Worlds Collide,Adventure,146,5.4,428
Tanning Zone,Adventure,0,0.0,0
The Big Trip 3: Race Around the World,Adventure,85,5.7,66
All for One,Adventure,97,1.4,676
Rally Caps,Adventure,100,5.5,143
Fox & Hare Save the Forest,Adventure,71,5.9,216
The Traveller,Adventure,134,5.2,213
Ghost Island,Adventure,95,7.4,50
Chhota Bheem and the Curse of Damyaan,Adventure,145,4.8,2300
Treasure Trackers,Adventure,92,5.8,169
Teenz,Adventure,122,4.4,867
My Redneck Neighbor: Chapter 2 - Let the Games Begin,Adventure,55,6.6,9
The Blinkless,Adventure,59,6.9,16
Earthquake Underground,Adventure,83,3.3,202
Alpha.,Adventure,100,6.9,259
I Heart Robots,Adventure,76,4.6,2400
One Million Babes BC,Adventure,75,2.2,88
Oculus,Adventure,113,6.0,15
Stinky Summer,Adventure,90,5.6,56
The Phantom Warrior,Adventure,119,2.4,556
The Goat,Adventure,91,5.9,386
Odio el verano,Adventure,103,5.1,609
"Maya, donne-moi un titre",Adventure,61,6.4,61
Era Oculta,Adventure,80,0.0,0
Dragon Ball Z Kai,Adventure,82,8.6,82
Planetquake,Adventure,85,3.0,319
Ahl Al Kahf,Adventure,120,5.3,285
Gepack,Adventure,97,6.6,370
A Trip Elsewhere,Adventure,93,5.5,111
The Epidemic,Adventure,95,5.9,71
Birds Flying East,Adventure,100,5.8,598
Jathara,Adventure,129,7.8,1100
Trifole,Adventure,100,7.5,59
Naa Saami Ranga,Adventure,150,4.5,1200
Niko: Beyond the Northern Lights,Adventure,86,6.1,352
Dünya Varmis,Adventure,100,6.6,68
Bull Shark 3,Adventure,76,3.5,91
Jurassic Triangle,Adventure,84,2.4,287
Warrior Awang and Master Tok Gajah,Adventure,118,4.6,484
"Silex and the City, le film",Adventure,77,4.9,54
Appu,Adventure,92,8.5,187
Oro Negro,Adventure,0,0.0,0
Shrek 5: The Contract - A Fan Made Film,Adventure,84,7.2,21
Game On,Adventure,85,2.6,357
76 Days Adrift,Adventure,105,0.0,0
Tokusou Sentai Dekaranger 20th: Fireball Booster,Adventure,50,7.2,36
Rocky Road to Berlin,Adventure,104,7.2,1500
Buddy,Adventure,137,3.8,357
My Fathers' Daughter,Adventure,78,6.5,82
Vertical,Adventure,111,5.2,147
Next to Us,Adventure,125,4.8,229
Amazon Bullseye,Adventure,113,5.2,218
Zak & Wowo: The Legend of Lendarys,Adventure,85,5.7,102
Bremenskie muzykanty,Adventure,115,4.6,694
Güzel Bir Rüya,Adventure,79,4.6,48
Si Juki the Movie: Harta Pulau Monyet,Adventure,107,6.0,127
I Left My Heart in Colombia,Adventure,0,8.4,425
Death Game,Adventure,88,6.3,26
Memes & Nightmares,Adventure,81,5.7,92
Tapori Nayak,Adventure,0,8.6,19
StarGazer: The Need of the Many,Adventure,47,5.0,12
The Epic of Gilgamesh,Adventure,79,0.0,0
Peter Brook's the Mahabharata (8K),Adventure,173,0.0,0
Fuuto PI: Portrait of Kamen Rider Skull,Adventure,82,7.4,49
Killer Witches from Outer Space,Adventure,0,6.9,81
Poklad,Adventure,100,4.5,46
Daye: Seret ahl el Daye,Adventure,104,7.9,18
Il cammino: Viaggio in Calabria,Adventure,58,9.7,6
Oscar Wilde About America,Adventure,98,4.2,33
Spirit Riser,Adventure,98,6.6,37
Dead Dead Demon's Dededede Destruction,Adventure,120,7.1,149
Kodaikanal,Adventure,173,9.2,71
Friendly Fire,Adventure,105,6.1,68
Kvitebjørn,Adventure,85,5.9,76
Duffle Bag Boy,Adventure,0,6.8,60
Sentinelese,Adventure,90,0.0,0
Luigi's Mansion,Adventure,60,6.2,19
Game of Death: The Six Doors to Hell,Adventure,145,0.0,0
Tulang Belulang Tulang,Adventure,95,7.1,50
Håkan Bråkan 2,Adventure,92,5.3,142
Goodbye Hamdi,Adventure,85,6.6,12
Captain Avispa,Adventure,96,5.7,180
Powder Pup,Adventure,89,6.1,79
LasseMajas detektivbyrå - Maskoten som försvann,Adventure,90,6.0,64
Letuchiy korabl,Adventure,100,3.8,303
Transformers Prime: Galavatron's Revenge,Adventure,104,4.5,16
Kade,Adventure,92,6.3,17
Shadows of Betrayal: Chronicles of Ian Blair,Adventure,65,7.5,14
Arctic Hollow,Adventure,70,2.3,184
Champions of the Golden Valley,Adventure,81,9.2,78
Troy the Bharat Putra,Adventure,134,5.5,33
Family Vacation,Adventure,0,6.6,6
Mr. Blue Shirt: The Inspiration,Adventure,0,4.8,10
Steal the Naughty List,Adventure,90,6.3,126
Benjamin Bat,Adventure,75,7.8,33
Permafrost,Adventure,80,5.7,115
The Slave and the Sorcerer,Adventure,86,6.7,42
Finding Christmas,Adventure,0,6.3,14
Dikkie Dik en de Verdwenen Knuffel,Adventure,62,7.3,131
Cazatesoros,Adventure,106,6.4,29
Fights Break Sphere 3,Adventure,81,5.0,11
Tipppsy,Adventure,115,8.1,33
Kiyma: Orman Kanunlari,Adventure,81,3.9,40
STEVE (A Minecraft Movie),Adventure,61,6.9,12
The Secret of Pin-Up Island,Adventure,107,7.4,97
Masha i Medved v kino: Park chudes,Adventure,58,7.4,18
The Trail,Adventure,80,7.8,38
Uttarakaanda,Adventure,0,0.0,0
Satu - Year of the Rabbit,Adventure,93,9.0,60
Dikkie Dik 2: Een Nieuwe Vriend voor Dikkie Dik,Adventure,70,7.4,75
The Star City Murders,Adventure,79,4.1,146
Yaren Leylek,Adventure,95,5.4,36
Xibalba Monster,Adventure,76,6.7,31
QAnon Avenue,Adventure,57,10.0,7
Son of the Wolf,Adventure,82,4.0,6
Nanoshark,Adventure,0,5.6,22
Yolki 11,Adventure,92,4.7,176
Shanghai Story,Adventure,71,8.1,65
Rocky and Bullwinkle,Adventure,100,9.2,16
The Yoshi Movie,Adventure,105,7.9,14
Water Park,Adventure,25,0.0,0
Triple 7: They Said It Couldn't Be Done,Adventure,97,8.5,14
Askepote,Adventure,72,3.5,85
My Redneck Neighbor: Chapter 1 - The Rednecks Are Coming,Adventure,74,6.4,10
Igrisca ne damo!,Adventure,79,7.1,30
Lion King: A Tale of Mufasa,Adventure,0,0.0,0
Abudeka Is Back,Adventure,120,5.4,41
Surge of Power: Where There's Smoke,Adventure,68,5.9,14
Joachim and the Apocalypse,Adventure,90,7.5,16
Molar,Adventure,117,0.0,0
Iron Dusk,Adventure,0,5.5,19
Tri kota. Zimnie kanikuly,Adventure,65,6.6,35
Hain,Adventure,95,2.9,51
Hope & Glory,Adventure,44,6.6,148
Die Chaosschwestern und Pinguin Paul,Adventure,100,5.6,73
Orango,Adventure,94,7.3,75
The Space in Between,Adventure,0,0.0,0
The Very Last Christmas,Adventure,75,8.6,12
The Eye of the Salamander,Adventure,81,8.4,21
Tales from the Table,Adventure,0,0.0,0
Samaya bolshaya luna,Adventure,105,2.4,139
Stranded Pearl,Adventure,90,6.0,27
Pui Pui Molcar the Movie: Molmax,Adventure,69,7.0,9
Mobile Suit Gundam: Silver Phantom,Adventure,90,6.1,13
Mountain Boy,Adventure,93,8.3,28
Art Work,Adventure,91,0.0,0
De Legende van Familie Vos,Adventure,81,5.7,59
Dünya Mali: Eksi Bir,Adventure,133,7.2,18
Life with Quincy 3,Adventure,73,0.0,0
The Worlds Divide,Adventure,120,7.9,40
Beyond existence,Adventure,95,4.1,23
Ognivo,Adventure,105,5.5,237
Penelope & Everly's Holiday Adventure,Adventure,0,0.0,0
The Forest,Adventure,77,6.3,49
Bratya,Adventure,103,2.8,131
Old Wild Mob,Adventure,0,0.0,0
Tay 2: Ebabil Takimi,Adventure,78,4.9,45
Dogman Territory: Werewolves in the Land Between the Lakes,Adventure,0,5.6,35
Road to Dreamland,Adventure,90,0.0,0
Kral Sakir: Devler Uyandi,Adventure,0,5.3,69
Nothing Unusual,Adventure,92,8.8,13
Xin Longmen kezhan,Adventure,73,2.9,7
BAM!,Adventure,80,7.0,30
Wonderful Precure! The Movie! Doki Doki Game no Sekai de Daiboken,Adventure,71,6.8,36
Militant Monster 2024,Adventure,0,8.7,29
Get Close 2,Adventure,0,5.7,47
Tracing the Divide,Adventure,84,8.8,173
Bar MoskvaChiki,Adventure,91,5.2,105
Dragon Gate Inn,Adventure,90,0.0,0
Adam i Eva,Adventure,95,5.1,95
Cacophony the Animated Movie,Adventure,81,0.0,0
Dreams,Adventure,106,6.9,9
Anytime,Adventure,62,8.9,25
Lo carga el diablo,Adventure,103,7.6,29
Manyunya. Priklyucheniya v derevne,Adventure,84,5.9,120
Turma da Mônica Jovem: Reflexos do Medo,Adventure,88,2.8,259
Tur s Ivanushkami,Adventure,111,5.3,161
The Cold Father,Adventure,0,6.8,19
Moy dikiy drug,Adventure,100,6.5,64
Operation Wakaliga: Fate and Blood,Adventure,66,6.7,12
This Land of Mine,Adventure,90,4.8,24
Dead Dead Demon's Dededede Destruction Zenpen,Adventure,120,7.1,142
Heavens: The Boy and His Robot,Adventure,98,6.3,22
Tri bogatyrya. Ni dnya bez podviga,Adventure,61,5.7,74
The Sasqualogist,Adventure,89,0.0,0
Elephant Steps,Adventure,0,6.9,41
The Umbrella Fairy,Adventure,95,5.7,61
Manyunya. Priklyucheniya v Moskve,Adventure,87,5.8,111
Aliens Uncovered: Buried Cities & Lost Tribes,Adventure,0,8.4,12
Mortadella,Adventure,90,8.4,8
Jaunt,Adventure,78,8.7,8
Return,Adventure,90,0.0,0
Colour Palette,Adventure,87,9.4,52
Xiang Xi Gui Shi,Adventure,72,0.0,0
The Puffins & the Magic Portal,Adventure,0,7.8,34
Six Nine Five (695),Adventure,137,7.0,707
Petualangan Anak Penangkap Hantu,Adventure,99,5.9,27
Oyunda Kal: Eglence Arenasi,Adventure,92,2.5,38
Chernyy zamok,Adventure,115,5.0,57
Two Breaths,Adventure,18,7.9,35
Advent,Adventure,119,7.5,6
Dans l'ombre de Marlow,Adventure,80,0.0,0
Minecraft But I Survive Again in Parkour Civilization,Adventure,0,8.8,31
Vikaasaparva,Adventure,134,8.7,542
Spider-Man: Blue,Adventure,0,5.8,12
The Farm,Adventure,104,0.0,0
The Last Five Days: The Freak Building,Adventure,61,3.7,60
Piraty galaktiki Barrakuda,Adventure,92,4.6,86
Mama,Adventure,100,8.5,7
The Apples Gang: The Movie by Wright,Adventure,0,0.0,0
Baba Yaga spasaet Novyy god,Adventure,99,4.4,121
Cândido,Adventure,99,6.3,63
Famous Patrick (A Super SpongeBob Fan Movie),Adventure,53,8.7,27
Wilhelm Gustloff,Adventure,110,8.7,9
Suchana,Adventure,90,8.7,511
Mera Number Beess,Adventure,109,0.0,0
Spooky Society,Adventure,0,0.0,0
Ivan Tsarevich i Seryy Volk 6,Adventure,85,5.7,97
Altered,Adventure,0,0.0,0
Big Water Theory,Adventure,83,0.0,0
23 Horas,Adventure,0,7.0,21
The Ballad of Straw Hat Sam,Adventure,45,9.2,11
The Artifact,Adventure,108,0.0,0
Frankenstein Theater: The Magic Sword,Adventure,82,4.1,24
Whites Only: Ade's Extremist Adventure,Adventure,65,6.8,28
Dracu Ra,Adventure,106,5.6,41
The Lost Colony,Adventure,0,0.0,0
Antarctic Voyage,Adventure,48,6.8,6
Mukhadrakon,Adventure,109,5.3,18
Vasilisa i khraniteli vremeni,Adventure,98,3.2,69
"Fallen Leaves, Broken Lighters",Adventure,96,7.7,8
La bruja del bosque oscuro,Adventure,92,0.0,0
"Bernadotte, Louise & Napoleon",Adventure,74,0.0,0
A New Dawn,Adventure,60,0.0,0
Superman: Jubilation,Adventure,176,0.0,0
Toy Kids: The Movie,Adventure,65,0.0,0
Let's Go! Anpanman: Baikinman and Lulun,Adventure,64,6.5,7
The Bigfoot Prophecy,Adventure,117,4.8,23
Historia de pastores,Adventure,80,5.5,34
Boom!,Adventure,90,8.3,11
Gladiator II: The Art and Making of the Ridley Scott Film,Adventure,0,0.0,0
Aruanda - Sentido da Vida,Adventure,0,0.0,0
Wild Boys,Adventure,119,0.0,0
Abar Arownne Din Ratri,Adventure,111,8.0,8
Príncipe Lu e a Lenda do Dragão,Adventure,90,4.1,29
Sathur: Part1,Adventure,0,0.0,0
Turbozavry. God drakona,Adventure,48,9.2,43
Lakeside's Mission: Impossible,Adventure,0,0.0,0
Purgatorio,Adventure,59,0.0,0
La Familia del Barrio: La Película,Adventure,0,4.5,7
Wonderland,Adventure,120,6.8,13
Nature Cat's Nature Movie Special Extraordinaire,Adventure,53,7.3,19
Zoloto Umalty,Adventure,109,4.9,114
Moy lyubimyy chempion,Adventure,95,2.3,421
The Puffins: Arctic Games,Adventure,0,0.0,0
Deux hommes un destin,Adventure,94,0.0,0
Treasure Fellowship,Adventure,86,0.0,0
The Last Survivor,Adventure,115,0.0,0
Mesken (Messuage),Adventure,102,7.3,43
Road to Paradise,Adventure,76,0.0,0
Knight,Adventure,0,0.0,0
Ba Jie,Adventure,0,0.0,0
Il ricercatore,Adventure,71,6.4,9
Novogodniy ekspress,Adventure,47,8.5,8
One in a million chance,Adventure,70,0.0,0
One Day the Movie,Adventure,0,0.0,0
Isle: Alpha One,Adventure,97,8.4,7
Pirates & Slaves,Adventure,53,5.8,6
Longe da Estrada,Adventure,68,6.0,9
Kyle and the Last Emerald 2,Adventure,15,8.4,9
I am the girl 3 me and my girlfriend,Adventure,0,0.0,0
Alex and Mia's Awesome Movie!!,Adventure,75,0.0,0
Sehnsucht nach Firdaws,Adventure,103,8.7,7
Applepictures the Poseidon Legacy,Adventure,84,6.4,19
Emma,Adventure,90,0.0,0
Filmmaker,Adventure,97,0.0,0
My Only Relative.,Adventure,105,0.0,0
"Poymay sobaku, esli smozhesh",Adventure,96,3.6,38
Kage & Celeste,Adventure,69,0.0,0
Tinpot & Yello,Adventure,51,0.0,0
Piri Reis: The Incredible Chart,Adventure,138,7.0,27
Lost and Found,Adventure,60,0.0,0
PW V: Tears of the Fallen,Adventure,60,8.2,11
LUDA,Adventure,86,7.2,6
Cursed Waters: Creature of Lake Okanagan,Adventure,0,0.0,0
Mouse Tales Movie 2,Adventure,60,0.0,0
The Road to OVC Champions,Adventure,62,0.0,0
A Christmas Carol,Adventure,39,9.8,11
Pueblo En Llamas,Adventure,82,0.0,0
Adrian,Adventure,0,0.0,0
Novyy god v Beryozovke,Adventure,94,7.1,100
Suvorovets 1944,Adventure,90,3.4,26
Gumshoe Jon and the Mystery of the Saucer Men - The Even Better Version,Adventure,0,0.0,0
Changle zhen gui shi,Adventure,88,0.0,0
Tayna Chyornoy Ruki,Adventure,84,5.7,24
The Pizza Guys,Adventure,89,0.0,0
V potoke trekh stikhiy,Adventure,85,5.2,42
"Women, Dreams and Bread",Adventure,0,0.0,0
The Ghost of Annie Lee,Adventure,103,4.8,5
Target Jeremy,Adventure,0,0.0,0
The Dragon's Tomb,Adventure,77,6.8,52
I racconti del mare,Adventure,89,0.0,0
Yasmeen's Element,Adventure,76,7.6,21
Harmonie,Adventure,74,0.0,0
The Lost Coast,Adventure,0,0.0,0
The Lion Dog,Adventure,122,0.0,0
Dandelion,Adventure,95,8.9,9
Hyacinthe,Adventure,0,0.0,0
Línguas de Fogo,Adventure,69,0.0,0
Gostya iz kosmosa,Adventure,70,8.7,7
Mai Martaba,Adventure,86,4.8,10
A Babá - Operação Game Over,Adventure,0,4.9,11
Robo Puffin,Adventure,0,0.0,0
YA - medved,Adventure,97,5.0,61
Luccas e Gi em: Dinossauros,Adventure,91,3.5,28
Phantom Lights: UAPs of the Forest,Adventure,81,0.0,0
Skazochnyy patrul. Shou prodolzhayetsya,Adventure,65,7.2,11
Isola degli sguardi,Adventure,0,0.0,0
Chyortov kamen,Adventure,105,4.4,21
Wheelies Inc,Adventure,0,0.0,0
Lung ta - Cavalli al vento,Adventure,0,0.0,0
Analogistan,Adventure,85,0.0,0
L'Elisir di Leonardo da Vinci e la Banda del Buffardello,Adventure,90,0.0,0
Moving Targets,Adventure,0,0.0,0
The Long Quiet,Adventure,94,0.0,0
Madeline & Silverfrost,Adventure,0,0.0,0
Jake Danger and the Sword of the Explorer,Adventure,0,0.0,0
NJPW SMP: The Movie,Adventure,50,0.0,0
Tobia e i colori del mondo,Adventure,0,3.7,7
Les Nouveaux Candides,Adventure,0,0.0,0
"Salem, SOS-ed!",Adventure,91,0.0,0
No More Trouble - Cosa rimane di una tempesta,Adventure,97,8.6,20
Oda: Vlucht door de Eeuwen,Adventure,0,6.4,7
Bear Kid: Super Hero,Adventure,80,0.0,0
The 9th Raider,Adventure,105,0.0,0
Banana Boat,Adventure,78,5.5,21
Eroi in crestere: Aventura celor 7 ani de acasa,Adventure,0,0.0,0
Okhota na russkogo geniya,Adventure,71,5.1,12
The Bigfoot prophecy 2,Adventure,118,0.0,0
Unhappy 25 Years Little Brat,Adventure,0,0.0,0
Marraia,Adventure,77,0.0,0
The Kingfish 2,Adventure,72,7.9,11
Ngesot,Adventure,87,4.8,18
Lajjpal,Adventure,252,9.0,8
The Stand at Alder Creek,Adventure,53,0.0,0
Qianhe xiansheng,Adventure,82,0.0,0
Emu War: A Subtle Examination of the Sheer Caucasity of Colonialism,Adventure,0,0.0,0
Katzie in Marokko,Adventure,0,0.0,0
I V Y: World of the Future,Adventure,0,0.0,0
Selebryata,Adventure,93,3.8,20
Non succederà più,Adventure,90,0.0,0
Fat Chance! the Movie,Adventure,0,7.6,6
Hasta Que Nos Encontremos De Neuvo,Adventure,90,0.0,0
"Katarina, ili Doch razboynika",Adventure,157,0.0,0
DCLXVI,Adventure,200,0.0,0
Jackpot,Adventure,0,0.0,0
I'm Professional,Adventure,95,3.7,8
Mult v kino. Vypusk # 174. Dobrye dela!,Adventure,48,0.0,0
Huaquero Tierra Maldita,Adventure,0,0.0,0
Soul Trekkers,Adventure,0,0.0,0
EP Break the Multiverse,Adventure,76,0.0,0
Florp's Solar Vacation,Adventure,2,0.0,0
The Veyshal Movie,Adventure,120,0.0,0
Yan Hu Ji Hua,Adventure,90,0.0,0
Once upon a bridge in Vietnam,Adventure,52,0.0,0
Lost & Found,Adventure,0,0.0,0
Across America,Adventure,48,0.0,0
Melissa's Birthday,Adventure,0,0.0,0
Tripping,Adventure,0,0.0,0
"Le Vrai Kaizen (Vod // La Cacabox Monte L'everest - Grimkujow, Potatoz, Mnkway, Diego, Hugo)",Adventure,63,0.0,0
Psycho Rhythm,Adventure,0,0.0,0
Captain Toad and the Mystery Mine,Adventure,77,0.0,0
Dream 1,Adventure,0,0.0,0
Dushu,Adventure,96,0.0,0
The Road Long,Adventure,0,0.0,0
Kleurenpalet 3: De Definitie Van Het Multiversum,Adventure,77,0.0,0
Le mystère de Waza,Adventure,0,0.0,0
Commonheart. from A Childish Mind.,Adventure,83,0.0,0
Mult v kino. Vypusk # 168: Idyom na piknik!,Adventure,51,0.0,0
"Montserrat, Integral 107",Adventure,85,0.0,0
7 Day Fast,Adventure,50,0.0,0
Nijari,Adventure,106,0.0,0
The Final Kick,Adventure,10,0.0,0
Upanga Kingdom,Adventure,115,0.0,0
Lapse,Adventure,0,0.0,0
Carjorski Clan: Tale of the Fallen Knight,Adventure,0,0.0,0
Pra Sempre,Adventure,75,0.0,0
Beyaz Zenciler: Yapim Asamasi,Adventure,55,8.6,5
Sur les Chemins du Temps,Adventure,0,0.0,0
Summer on a solitary beach,Adventure,100,0.0,0
Son Though He Was: the Young Saint Francis of Assisi,Adventure,0,0.0,0
TAÏ: 33 jours dans la dernière forêt d'Afrique de l'Ouest,Adventure,0,0.0,0
Meorisogeul,Adventure,119,0.0,0
The Same Picture Group Holiday Special,Adventure,55,0.0,0
Mystic Odyssey,Adventure,144,0.0,0
My New Country Biacuimyneco,Adventure,95,0.0,0
The Koopas,Adventure,0,0.0,0
Vandringen,Adventure,78,0.0,0
The Moon Asks for Help,Adventure,96,0.0,0
Five Nights at TK's: The Curse of TK,Adventure,60,0.0,0
The Seed,Adventure,100,0.0,0
My World 2,Adventure,0,0.0,0
Unscripted - In the Heart of Africa,Adventure,82,0.0,0
The Redemption of Zack & Heather (Remastered),Adventure,0,0.0,0
Spin War,Adventure,104,0.0,0
El Regreso Del Campero 3,Adventure,81,0.0,0
Kamilota,Adventure,0,0.0,0
Demibook,Adventure,0,0.0,0
The Brofessors Return,Adventure,78,0.0,0
Cobrazilla,Adventure,60,0.0,0
Boyz,Adventure,132,0.0,0
Bragow,Adventure,120,0.0,0
ABC Life: The Movie,Adventure,60,0.0,0
Exipsosi,Adventure,0,0.0,0
Anywhere Wherever,Adventure,46,0.0,0
The Embers of Domsheria,Adventure,95,0.0,0
Stunts I,Adventure,0,0.0,0
New Day,Adventure,48,0.0,0
Geo Magazine,Adventure,0,0.0,0
The multiverse arc,Adventure,82,0.0,0
Maverick from the Edge,Adventure,107,0.0,0
Project Block,Adventure,66,0.0,0
Amphibia: Endgame,Adventure,84,0.0,0
Dream of Resurrection,Adventure,95,0.0,0
The Grand Stroke,Adventure,128,0.0,0
The Pray,Adventure,0,0.0,0
SITV Presents: Tabsentia,Adventure,80,0.0,0
Wicked,Musical,160,7.4,166000
Moana 2,Musical,100,6.6,108000
Mufasa: The Lion King,Musical,118,6.6,70000
Better Man,Musical,135,7.6,31000
Joker: Folie à Deux,Musical,138,5.2,164000
Emilia Pérez,Musical,132,5.4,91000
Mean Girls,Musical,112,5.5,38000
The End,Musical,148,5.5,2300
Piece by Piece,Musical,93,6.9,5900
Spermageddon,Musical,80,5.6,1000
Spellbound,Musical,109,5.5,7800
Descendants: The Rise of Red,Musical,91,4.7,7200
This Is Me... Now,Musical,65,4.1,7200
The Merry Gentlemen,Musical,87,4.8,10000
Thelma the Unicorn,Musical,93,5.7,3000
Indian 2,Musical,0,3.8,17000
Everybody Loves Touda,Musical,102,6.4,465
"Kiss Me, Kate: The Musical",Musical,161,7.5,73
Victory,Musical,120,6.5,328
The Deb,Musical,121,7.5,72
How Could I Live Without You?,Musical,105,6.9,1100
The Opera!,Musical,106,6.4,123
Noah's Ark,Musical,96,4.3,696
The Night Before Christmas in Wonderland,Musical,80,6.3,526
Varshangalkku Shesham,Musical,166,6.6,4200
Dongeng Sang Kancil,Musical,99,6.7,216
Queens of Drama,Musical,114,6.3,213
Bonnie and Clyde: The Musical,Musical,150,7.6,107
First Nights at Freddy's,Musical,98,9.4,19
O Melhor Amigo,Musical,96,7.2,79
Gaga Chromatica Ball,Musical,117,8.1,2000
Polvo serán,Musical,106,6.6,302
Fox & Hare Save the Forest,Musical,71,5.9,216
Joli joli,Musical,116,5.5,129
Chainsaws Were Singing,Musical,117,7.2,383
Shannon Matthews the Musical the Movie,Musical,91,7.5,207
Magic,Musical,90,0.0,0
Kajolrekha,Musical,156,6.3,186
Dans la cuisine des Nguyen,Musical,99,7.2,80
Trapezium,Musical,95,6.2,164
Heart Strings,Musical,107,5.5,13
Ya Boy Kongming! Road to Summer Sonia,Musical,119,7.4,41
Maria Callas,Musical,60,0.0,0
Krispy Rishtey,Musical,133,6.5,70
Captain Avispa,Musical,96,5.7,180
Carol,Musical,115,7.8,52
Petta Rap,Musical,123,4.1,1700
Bring on the Damned!,Musical,114,8.0,7
Benjamin Bat,Musical,75,7.8,33
Magic,Musical,0,0.0,0
Peas and Carrots,Musical,96,0.0,0
My Favourite Things: The Rodgers & Hammerstein 80th Anniversary Concert,Musical,0,7.8,71
El Sobreviviente Elizalde,Musical,0,6.8,19
Shahid,Musical,84,6.5,84
Jane Eyre,Musical,0,0.0,0
From Corinne's Heart,Musical,42,0.0,0
Eating Me Up,Musical,104,8.1,296
Sisters and Neighbors!,Musical,105,6.5,198
Log Log Land,Musical,58,0.0,0
Isang himala,Musical,145,6.7,51
The Brink Of,Musical,0,8.5,56
Pattaapakal,Musical,104,2.6,226
Zhi Ci Qing Lv,Musical,89,6.6,51
Life with Quincy 3,Musical,73,0.0,0
Between the Lines,Musical,0,8.7,16
Eco Village,Musical,0,6.6,22
Amaltash,Musical,113,8.1,154
Het Feest van Tante Rita 2 - De Chocobom,Musical,0,6.7,22
Navidad Catracha 2: El Origen,Musical,0,0.0,0
Explaining Elizabeth,Musical,100,0.0,0
Hov1 4-ever,Musical,92,6.4,75
Sight & Sound Presents: Daniel LIVE,Musical,0,8.9,24
Seraphim: The Motion Picture,Musical,72,0.0,0
Under Streetlights,Musical,90,9.0,17
Peaceful Lights,Musical,86,9.4,20
Koorzang,Musical,0,0.0,0
Theodor,Musical,120,0.0,0
The Invisible - Agents of Ungentlemanly Warfare,Musical,134,0.0,0
Salvation,Musical,74,0.0,0
Aum Penjor,Musical,138,0.0,0
The Good Loan Sharks,Musical,122,4.9,74
Call Me Agnes,Musical,94,6.9,19
Freydís and Gudrid,Musical,0,0.0,0
Message in a Bottle,Musical,0,0.0,0
De la Doina la Rembetiko,Musical,0,0.0,0
The Premiere,Musical,106,8.6,16
El musical de los 80s y los 90s. La película,Musical,80,6.7,9
Headhunting to Beatboxing,Musical,62,0.0,0
Ishq Mubarak,Musical,0,0.0,0
Wieland,Musical,0,5.7,18
Ishttaragam,Musical,0,9.1,113
Solo Town,Musical,103,6.4,25
Nature Cat's Nature Movie Special Extraordinaire,Musical,53,7.3,19
Lokananta,Musical,0,6.6,13
Something in the Game,Musical,132,0.0,0
Mezhdu nami leto,Musical,113,5.7,56
Disney's the Lion King 30th Anniversary Tribute Special,Musical,55,0.0,0
Dante's Divine Comedy,Musical,0,0.0,0
Spyashchaya krasavitsa,Musical,133,0.0,0
Xin Longmen kezhan: Yue ju,Musical,113,0.0,0
Dream Academy,Musical,0,0.0,0
Keo=peul-ji-ok,Musical,94,5.6,8
Sanguche Caliente,Musical,0,0.0,0
Susquehanna Stage's Grease: Youth and Teen Production,Musical,0,0.0,0
KorimDick,Musical,21,8.5,7
Rangde,Musical,143,8.5,7
Korsar,Musical,94,0.0,0
Mondongo: Kunst der farbe,Musical,90,0.0,0
Civil Christmas,Musical,0,4.1,48
Sem vergonha,Musical,0,0.0,0
Stinney: An American Execution,Musical,0,0.0,0
Harmonie,Musical,74,0.0,0
Chicago the Musical - Adderley 2024 Advanced Conservatory at El Portal Theatre,Musical,0,0.0,0
¡Corazón!,Musical,85,0.0,0
Línguas de Fogo,Musical,69,0.0,0
La vie fantastique,Musical,79,0.0,0
Stiffelio,Musical,113,0.0,0
Broken Glass,Musical,0,0.0,0
Under the Overpass and Far Away,Musical,97,0.0,0
DJ Marwar,Musical,0,6.8,21
Idade Da Pedra,Musical,70,0.0,0
Aida,Musical,165,0.0,0
Richard II,Musical,138,0.0,0
Mrs. Green Apple: The White Lounge,Musical,89,0.0,0
Zolushka,Musical,86,0.0,0
Soldier of Love,Musical,100,0.0,0
Sevilskiy tsiryulnik,Musical,155,0.0,0
Unsung Birds,Musical,0,0.0,0
Anavitória COR,Musical,69,0.0,0
Jesterpus: A Musical Comedy of Horrors,Musical,80,0.0,0
Waiting for the Kick,Musical,87,0.0,0
Mom's Coming,Musical,122,0.0,0
"Angela Aguilar, Bolero: Documental",Musical,0,2.9,13
El Salto,Musical,0,0.0,0
Dappankuthu,Musical,0,0.0,0
"Señor Jazz, la película de Carlos Inzillo",Musical,82,0.0,0
Cirkus Summarum 2024,Musical,0,0.0,0
Iyus Jenius,Musical,82,9.0,9
"Katarina, ili Doch razboynika",Musical,157,0.0,0
"Bryson, the Demon Slayer",Musical,59,4.4,12
Tu Mo Kamzori,Musical,0,0.0,0
K Cheloveku Ryadom,Musical,10,0.0,0
La banda del pati,Musical,0,0.0,0
The Royal Ballet: Swan Lake,Musical,195,0.0,0
Once upon a bridge in Vietnam,Musical,52,0.0,0
Swan Lake from English National Ballet,Musical,0,0.0,0
Sweet Palm Wine,Musical,0,0.0,0
The Clashing Elements: Saviors of the Multiverse,Musical,91,7.2,9
Canciones con Historia. Fonseca,Musical,0,5.4,6
La sorto gvidos vin,Musical,0,0.0,0
Heartbreak in August,Musical,45,0.0,0
Dynamite,Musical,60,0.0,0
Despierta tu alma,Musical,0,0.0,0
A Very Merry TV Adventure,Musical,0,0.0,0
OL Brooklyn Vol 3,Musical,0,0.0,0
Xing Guang Can Can Yao Bao Liang 2024,Musical,0,0.0,0
Ga Mere Maan Ga,Musical,0,0.0,0
Incident at Panther Hills: Bigfoot's Return,Musical,58,0.0,0
Teen Musical Director's Cut,Musical,0,0.0,0
Kseukul,Musical,120,0.0,0
Anbenum Peruveli,Musical,90,0.0,0
Hero: Live in Cinema,Musical,159,0.0,0
The Just in Case Child,Musical,0,0.0,0
CameraChild,Musical,57,0.0,0
Onde está o amor? As fitas perdidas,Musical,0,0.0,0
Artistic Pressure,Musical,0,0.0,0
Pérolas de Cuba,Musical,60,0.0,0
Benjamin,Musical,60,0.0,0
Safe and Sound,Musical,105,0.0,0
Love Finally the Musical,Musical,0,0.0,0
Zhenitba Figaro,Musical,172,0.0,0
Before Time Stopped with Flipstyle,Musical,66,0.0,0
You Lucky Son of a Bitch 2,Musical,0,0.0,0
Tradition,Musical,148,0.0,0
Noch pered Rozhdestvom,Musical,80,0.0,0
Even Sally,Musical,51,0.0,0
Jakkotai,Musical,0,0.0,0
HP for Ever,Musical,89,0.0,0
Point of the Pen,Musical,0,0.0,0
Hoje é Dia Das Crianças,Musical,0,0.0,0
The Unholy Trinity,Western,95,0.0,0
Horizon: An American Saga - Chapter 1,Western,181,6.6,41000
Rust,Western,139,5.4,2500
Horizon: An American Saga - Chapter 2,Western,190,7.1,1400
The Thicket,Western,108,5.8,3400
Wynonna Earp: Vengeance,Western,96,5.5,1700
Pedro Páramo,Western,130,6.3,3100
Buffalo Kids,Western,93,6.6,765
Golden Kamuy,Western,127,6.3,2600
Calamity Jane,Western,95,4.4,808
They Call Her Death,Western,92,5.3,193
Ghosts of Red Ridge,Western,81,3.2,172
Seven Cemeteries,Western,84,4.6,656
Black Creek,Western,116,0.0,0
Outlaw Posse,Western,108,4.3,538
The Ballad of Davy Crockett,Western,96,4.6,254
Escanyapobres,Western,102,6.3,88
The Night They Came Home,Western,105,3.6,444
Eye for an Eye 2,Western,90,6.6,538
Over the Red River,Western,83,3.6,96
Taken from Rio Bravo,Western,80,3.0,321
Same Old West,Western,98,7.7,288
Was Once a Hero,Western,0,8.8,51
Unnatural,Western,103,3.7,140
Paradise,Western,83,6.9,82
Malaikottai Vaaliban,Western,156,6.0,4200
Bolero,Western,0,3.1,29
Fyre Rises,Western,110,6.3,326
The Guardsmen,Western,73,3.6,141
Lady Outlaw,Western,104,6.3,24
Bitter Gold,Western,83,8.0,56
Andromeda: 1883,Western,75,4.0,19
Joe Crist,Western,53,5.1,462
The forgotten Winchester,Western,0,0.0,0
Doc Holliday 2,Western,0,6.1,12
The Ecstasy of Gold: The Treasure of Jesse James,Western,90,6.1,16
Coyote Woman,Western,110,2.1,78
Astral Plane Drifter,Western,0,8.8,23
The Golden Ghosts,Western,60,0.0,0
My Redneck Neighbor: Chapter 1 - The Rednecks Are Coming,Western,74,6.4,10
Doc Holliday 3,Western,0,5.0,10
Harsh Treatment,Western,0,8.3,16
Once Upon a Time in Amityville,Western,73,3.7,52
The Cowboy Capital,Western,0,0.0,0
Searching for the Elephant,Western,116,5.8,36
Guns Blazin,Western,88,7.1,10
Jama,Western,71,6.3,16
Oltre il confine,Western,76,6.9,9
The Dakota War: Revenge,Western,92,0.0,0
Myall Creek Day of Justice,Western,78,6.4,17
Travesty,Western,78,7.8,10
In Search of Bass Reeves,Western,105,6.1,59
Death After Dusk,Western,140,5.6,91
The Film Café,Western,0,0.0,0
Dans l'ombre de Marlow,Western,80,0.0,0
The Partners,Western,58,0.0,0
The Guardsmen: Part 2,Western,0,3.6,87
Adiós al amigo,Western,118,7.4,8
The Wolf in the Chute,Western,33,9.0,13
Morningstar,Western,84,0.0,0
Buried on Shine Mountain,Western,0,8.8,10
The Guardsmen: Part 3,Western,0,3.3,85
Boot Hill,Western,0,0.0,0
The Legacy of the 12 Westerns,Western,0,0.0,0
Bo Nan Za,Western,61,9.1,29
Ghost Town,Western,0,0.0,0
Last Flamingo of the Red Summer Sunset,Western,80,8.8,14
Zoloto Umalty,Western,109,4.9,114
Sinners in the Hands of an Angry God,Western,94,0.0,0
The Letter,Western,0,0.0,0
El Vaquero,Western,93,8.4,13
12 Million Dollar Movie on Paper,Western,0,0.0,0
Hinter dem Eisernen Horizont,Western,88,7.3,16
"The Goods, Bads and Uglys",Western,0,0.0,0
A Cowboy Against Thunder,Western,0,0.0,0
Lolo & Sosaku: The Western Archive,Western,66,0.0,0
Mr. Pettigrew,Western,0,0.0,0
A Almería de Leone,Western,51,0.0,0
The Ballad of Winchester Pete,Western,0,0.0,0
The Stand at Alder Creek,Western,53,0.0,0
The Wicked: Reborn,Western,0,0.0,0
Goin' Home,Western,91,0.0,0
Bullet or Rope,Western,55,0.0,0
The Rattlesnake Twins,Western,50,0.0,0
Pale Moon,Western,0,0.0,0
Attack on Tranquility,Western,64,0.0,0
Vadogga,Western,85,0.0,0
TV Heroes of the Wild West,Western,0,0.0,0
The Wild Robot,Animation,102,8.2,178000
Moana 2,Animation,100,6.6,108000
Flow,Animation,85,7.9,83000
Mufasa: The Lion King,Animation,118,6.6,70000
Paddington in Peru,Animation,106,6.7,25000
Transformers One,Animation,104,7.6,53000
Inside Out 2,Animation,96,7.5,221000
Despicable Me 4,Animation,94,6.2,68000
Memoir of a Snail,Animation,95,7.8,19000
IF,Animation,104,6.4,59000
The Lord of the Rings: The War of the Rohirrim,Animation,134,6.3,33000
Kung Fu Panda 4,Animation,94,6.3,70000
The Day the Earth Blew Up: A Looney Tunes Movie,Animation,91,6.9,5300
Attack on Titan the Movie: The Last Attack,Animation,145,9.2,17000
Piece by Piece,Animation,93,6.9,5900
Solo Leveling: ReAwakening,Animation,121,8.8,14000
Spermageddon,Animation,80,5.6,1000
I Am What I Am 2,Animation,134,7.5,335
Harold and the Purple Crayon,Animation,90,5.7,8800
Wallace & Gromit: Vengeance Most Fowl,Animation,82,7.5,36000
Dan Da Dan: First Encounter,Animation,83,8.2,2900
The Garfield Movie,Animation,101,5.7,25000
Spellbound,Animation,109,5.5,7800
Look Back,Animation,58,7.8,16000
Watchmen: Chapter I,Animation,83,7.1,6900
Orion and the Dark,Animation,93,6.3,18000
The Remarkable Life of Ibelin,Animation,103,8.2,13000
Doraemon the Movie: Nobita's Earth Symphony,Animation,115,6.6,1600
Night of the Zoopocalypse,Animation,91,6.0,884
Watchmen: Chapter II,Animation,90,7.1,3400
Justice League: Crisis on Infinite Earths - Part One,Animation,93,6.2,8700
That Christmas,Animation,91,6.8,17000
Overlord: The Sacred Kingdom,Animation,135,6.9,1400
Crayon Shin-chan: Our Dinosaur Diary,Animation,106,6.7,583
Dragonkeeper,Animation,98,5.7,1800
The Most Precious of Cargoes,Animation,81,7.1,1400
Justice League: Crisis on Infinite Earths - Part Three,Animation,94,6.1,4700
Thelma the Unicorn,Animation,93,5.7,3000
Megamind vs. The Doom Syndicate,Animation,83,2.5,5700
Haikyu!! The Dumpster Battle,Animation,85,7.7,6500
Justice League: Crisis on Infinite Earths - Part Two,Animation,94,5.6,5500
The Glassworker,Animation,98,7.2,1900
Ultraman: Rising,Animation,117,6.9,6500
Demon Slayer: Kimetsu No Yaiba - To the Hashira Training,Animation,104,7.2,8800
My Hero Academia: You're Next,Animation,110,7.0,2600
Boys Go to Jupiter,Animation,90,6.8,110
Lesbian Space Princess,Animation,87,7.1,172
Grand Theft Hamlet,Animation,89,6.9,2100
200% Wolf,Animation,98,5.9,1300
Buffalo Kids,Animation,93,6.6,765
The Colors Within,Animation,101,7.1,1100
My Oni Girl,Animation,112,6.0,1800
Given 3: To the Sea,Animation,80,7.6,115
Blue Lock: Episode Nagi,Animation,91,6.6,2600
Frida,Animation,87,7.5,1500
Diplodocus,Animation,90,6.3,195
10 Lives,Animation,88,5.9,2000
Savages,Animation,87,6.8,383
The Tiger's Apprentice,Animation,84,5.8,2200
Limonov: The Ballad of Eddie,Animation,138,5.9,1000
Sanatorium Under the Sign of the Hourglass,Animation,75,5.4,131
Mononoke the Movie: The Phantom in the Rain,Animation,89,6.7,1300
The Quintessential Quintuplets Specials 2,Animation,46,6.9,154
Hitpig,Animation,86,5.1,1000
White Snake: Afloat,Animation,133,6.8,545
Dalia and the Red Book,Animation,107,5.9,144
Living Large,Animation,80,7.0,161
From Ground Zero,Animation,112,7.9,565
Ghost Cat Anzu,Animation,97,6.5,849
Woody Woodpecker Goes to Camp,Animation,100,4.5,2600
Mars,Animation,84,8.3,23
Saving Bikini Bottom: The Sandy Cheeks Movie,Animation,82,3.7,4000
Johnny Puff: Secret Mission,Animation,87,4.9,461
Boonie Bears: Time Twist,Animation,105,6.0,175
Uma & Haggen: Mitos,Animation,94,7.4,53
A Sloth Story,Animation,90,5.6,231
Noah's Ark,Animation,96,4.3,696
Rebellious,Animation,94,6.1,231
The Night Before Christmas in Wonderland,Animation,80,6.3,526
Nintama Rantaro Dokutake Ninja-tai Saikyou no Gunshi,Animation,90,7.3,38
Ryan's World the Movie: Titan Universe Adventure,Animation,80,1.8,720
Out of the Nest,Animation,84,6.5,123
Super-Charlie,Animation,80,5.8,162
Panda Bear in Africa,Animation,84,5.5,369
Terra Incognita 1901,Animation,78,5.4,62
Baki Hanma VS Kengan Ashura,Animation,62,5.7,2000
Balentes,Animation,70,7.4,8
Detective Conan: The Million-Dollar Pentagram,Animation,111,6.7,1600
No Time to Spy: A Loud House Movie,Animation,81,6.3,487
Dongeng Sang Kancil,Animation,99,6.7,216
Re: Zero - Starting Life in Another World- Season 3 Episode 1 90-minute Special 'Theatrical Malice',Animation,90,8.8,1300
Inanimate Insanity II: The Movie,Animation,106,8.3,241
The Lost Tiger,Animation,90,7.9,50
My Freaky Family,Animation,86,6.2,422
Big City Greens the Movie: Spacecation,Animation,83,6.2,568
Mobile Suit Gundam SEED Freedom,Animation,124,6.6,979
Storm Crashers,Animation,88,6.2,576
Fureru,Animation,107,6.2,42
Little Emma,Animation,106,5.4,132
Movie Given Hiiragi Mix.,Animation,70,7.6,218
Elli and the Ghostly Ghost Train,Animation,86,5.1,109
Norbert,Animation,75,6.7,15
The Casagrandes Movie,Animation,89,5.6,688
Monkey King: The Beginning,Animation,0,9.6,6
Gracie and Pedro: Pets to the Rescue,Animation,87,5.0,287
Sabbath Queen,Animation,105,8.0,69
Angelo dans la forêt mystérieuse,Animation,81,6.0,132
"Die Heinzels: Neue Mützen, Neue Mission",Animation,76,6.4,102
The Big Trip 3: Race Around the World,Animation,85,5.7,66
Fox & Hare Save the Forest,Animation,71,5.9,216
My Redneck Neighbor: Chapter 2 - Let the Games Begin,Animation,55,6.6,9
Into the Mortal World,Animation,118,6.8,178
Kid Santa,Animation,0,0.0,0
Isla Monstro,Animation,0,7.8,10
Exorcism Chronicles: The Beginning,Animation,85,6.4,123
Peppa's Cinema Party,Animation,65,4.9,156
Uma Musume: Pretty Derby - Beginning of a New Era,Animation,108,7.4,148
Mochi-chon,Animation,0,8.2,10
The Proud Princess,Animation,84,6.5,135
"Maya, donne-moi un titre",Animation,61,6.4,61
Dragon Ball Z Kai,Animation,82,8.6,82
Mariposas Negras,Animation,83,7.1,72
SuperKlaus,Animation,88,4.3,204
Niko: Beyond the Northern Lights,Animation,86,6.1,352
Bloody Escape: Bats out of Hell,Animation,100,5.5,57
Rafadan Tayfa: Kapadokya,Animation,84,6.6,132
"Silex and the City, le film",Animation,77,4.9,54
Appu,Animation,92,8.5,187
Heartsping : Teenieping of Love,Animation,0,7.3,28
Shrek 5: The Contract - A Fan Made Film,Animation,84,7.2,21
Hola Frida,Animation,82,7.2,35
Piril: Sayilarin Gizemi,Animation,0,9.0,67
Cille 2069,Animation,0,7.1,96
Where the Robots Grow,Animation,88,2.6,526
Peppa Pig: Peppa's Adventures Around the World,Animation,0,8.0,7
Zak & Wowo: The Legend of Lendarys,Animation,85,5.7,102
TWST: Things We Said Today,Animation,86,7.0,63
Woolina and the No Birds,Animation,80,8.2,51
Si Juki the Movie: Harta Pulau Monyet,Animation,107,6.0,127
Schirkoa: In Lies We Trust,Animation,103,5.6,163
Bocchi the Rock! Recap Part 1,Animation,90,7.5,194
God with Three Eyes,Animation,112,5.9,24
Kizumonogatari: Koyomi Vamp,Animation,144,7.1,106
Rock Bottom,Animation,86,6.3,53
Jon Vardar protiv Galaksijata,Animation,86,8.2,77
Trapezium,Animation,95,6.2,164
(S)KiDS,Animation,85,8.7,134
Taisu Xilie,Animation,100,0.0,0
Fuuto PI: Portrait of Kamen Rider Skull,Animation,82,7.4,49
Maxxie LaWow: Drag Super-shero,Animation,114,8.7,65
Ya Boy Kongming! Road to Summer Sonia,Animation,119,7.4,41
Dead Dead Demon's Dededede Destruction,Animation,120,7.1,149
Olivia & the Clouds,Animation,81,7.2,58
Luntik. Vozvrashchenie domoy,Animation,0,6.3,79
Kvitebjørn,Animation,85,5.9,76
Il segreto di Liberato,Animation,90,7.3,228
Double Tuckerr,Animation,120,4.9,1200
Captain Avispa,Animation,96,5.7,180
Transformers Prime: Galavatron's Revenge,Animation,104,4.5,16
Slocum et moi,Animation,75,7.3,79
A Few Moments of Cheers,Animation,68,7.3,52
Bartali's Bicycle,Animation,80,7.6,9
Inazuma Eleven Movie: The Legendary Kickoff,Animation,0,8.3,7
Yumi's Cells: The Movie,Animation,93,6.2,53
Steal the Naughty List,Animation,90,6.3,126
Benjamin Bat,Animation,75,7.8,33
The Summer of Mermaid,Animation,0,8.8,106
The Storm,Animation,102,6.0,144
Chikoo Bunty in the Ultimate Dream Chase,Animation,90,0.0,0
Dikkie Dik en de Verdwenen Knuffel,Animation,62,7.3,131
STEVE (A Minecraft Movie),Animation,61,6.9,12
Tobias and the Arcane Merchant,Animation,167,9.0,46
Bocchi the Rock! Recap Part 2,Animation,77,7.4,131
Masha i Medved v kino: Park chudes,Animation,58,7.4,18
Motu Patlu & The Race to the Diamond Valley,Animation,72,7.8,28
Astra,Animation,80,6.8,8
Le parfum d'Irak,Animation,95,8.1,50
Dikkie Dik 2: Een Nieuwe Vriend voor Dikkie Dik,Animation,70,7.4,75
The Formula for Water,Animation,86,4.6,37
Rocky and Bullwinkle,Animation,100,9.2,16
Askepote,Animation,72,3.5,85
Bob a Bobek ve filmu: Na stope Mrkvojeda,Animation,80,7.2,32
Mustafa,Animation,75,6.9,76
Quo Vadis,Animation,90,6.4,515
"Robotia, the Movie",Animation,86,7.6,31
Tri kota. Zimnie kanikuly,Animation,65,6.6,35
Code Geass: Rozé of the Recapture - Part 1,Animation,74,7.6,42
Rocket Club: Across the Cosmos,Animation,68,8.4,19
Ganbatte Ikimasshoi,Animation,95,5.2,13
Pui Pui Molcar the Movie: Molmax,Animation,69,7.0,9
Mobile Suit Gundam: Silver Phantom,Animation,90,6.1,13
Day of the Diesels,Animation,100,7.7,10
Kuramerukagari,Animation,61,5.8,86
Life with Quincy 3,Animation,73,0.0,0
Inventors,Animation,0,0.0,0
Luv You Shankar,Animation,120,5.8,44
The Worlds Divide,Animation,120,7.9,40
Penelope & Everly's Holiday Adventure,Animation,0,0.0,0
The Greatest Surf Movie in the Universe,Animation,81,4.7,9
Tay 2: Ebabil Takimi,Animation,78,4.9,45
Pleasant Goat and Big Big Wolf: The World Guardians,Animation,96,6.6,16
PAPmusic - Animation for Fashion,Animation,85,1.0,166
DreadClub: Vampire's Verdict,Animation,88,4.9,62
Hello My Beautiful Creatures,Animation,142,6.8,173
Jin Ling Yu Mao,Animation,97,7.9,7
Kral Sakir: Devler Uyandi,Animation,0,5.3,69
Lilla spöket Laban spökar igen,Animation,44,6.2,30
Nothing Unusual,Animation,92,8.8,13
Wonderful Precure! The Movie! Doki Doki Game no Sekai de Daiboken,Animation,71,6.8,36
The Cheshire Cat,Animation,64,0.0,0
COPS VS WHORES,Animation,57,0.0,0
Pikmin Forever,Animation,0,0.0,0
Cacophony the Animated Movie,Animation,81,0.0,0
Animal Tales of Christmas Magic,Animation,72,6.8,52
Dinonauts,Animation,77,0.0,0
Ugly Sweater,Animation,80,7.1,13
Teacher's Pet,Animation,0,5.4,36
Marvel's Civil War Full Comic Dub Movie,Animation,75,0.0,0
Dead Dead Demon's Dededede Destruction Zenpen,Animation,120,7.1,142
Tri bogatyrya. Ni dnya bez podviga,Animation,61,5.7,74
Motu Patlu & The Rise of Zombies,Animation,74,6.6,15
The Umbrella Fairy,Animation,95,5.7,61
Gintama on Theater 2D: Kintama-hen,Animation,97,0.0,0
Bizarros Peixes das Fossas Abissais,Animation,75,7.6,15
Return,Animation,90,0.0,0
Bread Barbershop: Celeb in Bakery Town,Animation,77,0.0,0
"Hey, Tete",Animation,151,6.4,9
The Puffins & the Magic Portal,Animation,0,7.8,34
Apocalypse Love,Animation,0,6.4,5
Love and Friendship,Animation,57,0.0,0
2054: The Wreckoning,Animation,60,0.0,0
Kaptan Pengu ve Arkadaslari 4: Buzuldaki Sir,Animation,0,5.3,14
Adventures of Mickey Sherlock Mouse & Winnie the Pooh,Animation,0,4.9,12
Meitantei Conan Bâsasu Kaitô Kiddo,Animation,81,6.1,170
Black Butterflies,Animation,0,0.0,0
Arne Alligator och djungelkompisarna,Animation,61,4.7,51
Max Beyond,Animation,93,6.6,18
Nie Xiaoqian,Animation,112,6.2,18
Shed 17 & Project G-1 the Movie,Animation,85,0.0,0
Spider-Man: Blue,Animation,0,5.8,12
Dance with the Finless Promise,Animation,0,6.3,20
Transformers: 40th Anniversary Event,Animation,96,7.4,30
The Super Paper Mario Movie,Animation,101,0.0,0
Iris the Movie: Full Energy!!,Animation,60,7.3,8
Ivan Tsarevich i Seryy Volk 6,Animation,85,5.7,97
Kittened,Animation,0,0.0,0
Zegapain STA,Animation,90,0.0,0
The Ballad of Straw Hat Sam,Animation,45,9.2,11
Zuzubalândia: O Filme,Animation,60,5.4,11
Sinoalice: The Very Last Story,Animation,74,0.0,0
Becho,Animation,0,7.3,11
Abá e Sua Banda,Animation,84,7.2,14
Ilia Jostojooye Ghahreman,Animation,0,0.0,0
Bogyó és Babóca 6. - Csengettyuk,Animation,0,7.8,13
The Fifth Element,Animation,0,0.0,0
Let's Go! Anpanman: Baikinman and Lulun,Animation,64,6.5,7
Riki Rhino: The Bird Kingdom,Animation,109,5.1,25
Genjitsu no Yohane -Sunshine in the Mirror- Movie,Animation,89,0.0,0
The Car Acrobatic Team Saga,Animation,112,7.2,11
Ninja Doomscrolling,Animation,96,8.1,102
Be Forever Yamato: Rebel 3199: Part 1: Dark Invasion,Animation,50,7.0,9
Sunburnt Unicorn,Animation,81,7.7,13
Turbozavry. God drakona,Animation,48,9.2,43
La Familia del Barrio: La Película,Animation,0,4.5,7
Code Geass: Rozé of the Recapture: Part 2,Animation,76,7.8,28
Nature Cat's Nature Movie Special Extraordinaire,Animation,53,7.3,19
The Delegator,Animation,96,4.1,17
Rhythm of a Flower,Animation,81,7.4,15
Dinosaur Empire,Animation,0,0.0,0
The Puffins: Arctic Games,Animation,0,0.0,0
The Barkers Pursuit of Adventure,Animation,0,0.0,0
Be Forever Yamato: Rebel 3199: Part 2: The Assault of the Burning Sun,Animation,97,0.0,0
Treasure Fellowship,Animation,86,0.0,0
Our Crazy Love,Animation,86,0.0,0
Ba Jie,Animation,0,0.0,0
Dante's Divine Comedy,Animation,0,0.0,0
Gill,Animation,104,0.0,0
Isle: Alpha One,Animation,97,8.4,7
The Witch Doll of Aliester Croweley,Animation,16,0.0,0
Let Them Breathe: City on the Ocean,Animation,112,0.0,0
Rudra & Return of King Makoonga,Animation,45,0.0,0
Alex and Mia's Awesome Movie!!,Animation,75,0.0,0
Animal Adventures: Save the Forest,Animation,85,7.7,34
Nasreddin Hoca: Zaman Yolcusu - Kadim Medeniyetler,Animation,78,7.7,12
Memory Hotel,Animation,100,0.0,0
Happy Little Submarine: 80 Days Around the Earth,Animation,80,0.0,0
Boundearth,Animation,108,0.0,0
Imam Hussein the Majestic Sacrifice,Animation,0,0.0,0
Toto's Christmas in Oz,Animation,65,0.0,0
Calico Rebellion,Animation,70,0.0,0
"Minsky, the little helper robot",Animation,6,0.0,0
Satan Kingdom Babylon,Animation,77,0.0,0
LUDA,Animation,86,7.2,6
Gujeyeog-eseo sal-a dol-aon dwaeji,Animation,105,4.8,12
Love Live! Nijigasaki High School Idol Club Final Chapter Part 1,Animation,59,7.4,15
Inazuma Eleven the Movie: Prologue to the New Heroes,Animation,0,0.0,0
Tied Up,Animation,0,0.0,0
Pesnya Sirin,Animation,85,0.0,0
Nefertiti the Queen of Hearts,Animation,89,0.0,0
Ekip: Siberay - Günes Firtinasi,Animation,72,6.0,14
Velký Pán,Animation,73,7.0,9
Ah My Goddess: Bad Goddess One Wish,Animation,53,0.0,0
Mission to Pisom,Animation,0,0.0,0
The Grump's Christmas,Animation,65,0.0,0
Rabbits Kingdom the Movie,Animation,94,0.0,0
The Elf Who Saved Christmas,Animation,62,0.0,0
Harmonie,Animation,74,0.0,0
Magic Birds: I magiki pagida,Animation,100,0.0,0
Fleischer Cartoons: The Art & Inventions of Max Fleischer,Animation,62,0.0,0
Poder Del Pueblo,Animation,84,0.0,0
Hubworld,Animation,227,0.0,0
Crazy Train,Animation,95,0.0,0
Gintama the Movie 2D: Courtesan of the Nation Arc,Animation,109,8.0,9
Robo Puffin,Animation,0,0.0,0
Daughters of Monster Magnet,Animation,46,0.0,0
Happylittle Submarine: The Adventure with Dragon,Animation,0,0.0,0
The Monkey King Conquers Monsters,Animation,90,0.0,0
Broken Glass,Animation,0,0.0,0
Sufunkan no Yell o,Animation,0,7.0,6
Plastic,Animation,62,0.0,0
Skazochnyy patrul. Shou prodolzhayetsya,Animation,65,7.2,11
Papercuts - My Life as an Indie Animator,Animation,87,0.0,0
Elif ve Arkadaslari 2: Perisler,Animation,0,0.0,0
Young doctor's notes,Animation,86,3.5,7
Code Geass: Rozé of the Recapture: Part 3,Animation,76,7.4,25
Bie ba zuo wen dang hui shi er,Animation,89,7.2,12
King of Prism: Dramatic Prism 1,Animation,60,0.0,0
Molang au cinéma!,Animation,55,0.0,0
NJPW SMP: The Movie,Animation,50,0.0,0
Tobia e i colori del mondo,Animation,0,3.7,7
The Guardians: The Chosen Ones,Animation,0,0.0,0
Bigfoot in Wonderland,Animation,61,0.0,0
Mult v kino. Vypusk # 167: Fokus-pokus,Animation,51,0.0,0
Code Geass: Rozé of the Recapture: Part 4,Animation,70,6.6,15
Bear Kid: Super Hero,Animation,80,0.0,0
Symphony of the Eyes,Animation,43,0.0,0
The Christmas Shark,Animation,63,0.0,0
Ali's Dream Castle,Animation,0,0.0,0
My Time to Make It Happen: As Told by Tiana Melvina,Animation,42,0.0,0
The Halloween Shark,Animation,69,0.0,0
Unhappy 25 Years Little Brat,Animation,0,0.0,0
The Littlest Angel 2: Lily Has a Secret,Animation,84,0.0,0
Psycho World Tournament,Animation,0,0.0,0
There's Something About Knuckles Saga,Animation,46,0.0,0
Sirds likums,Animation,65,6.8,17
Ramayan the Hero's Path,Animation,0,0.0,0
World of Sathvik and his friends : The Cursed Pumpkin,Animation,48,0.0,0
1963,Animation,57,0.0,0
Ba Jie Zhi Tian Peng Xia Jie,Animation,0,0.0,0
People Power,Animation,84,0.0,0
Cordélicos,Animation,68,0.0,0
Eiga Shimajiro Miracle-jima no Nanairo Carnation,Animation,70,0.0,0
Fat Chance! the Movie,Animation,0,7.6,6
Terrors,Animation,65,0.0,0
"The Wizard and the Scholar (or, a Rapscallion Runs Amok in Rye)",Animation,63,0.0,0
Baby Halloween,Animation,66,0.0,0
Alla conquista del mondo,Animation,0,7.2,26
Mult v kino. Vypusk # 174. Dobrye dela!,Animation,48,0.0,0
Eiga Oshiri Tantei Saraba Itoshiki Aibô (Oshiri) yo,Animation,71,0.0,0
Abandoned,Animation,54,0.0,0
Mult v kino. Vypusk # 170: Vsyo luchshee - druzyam,Animation,52,0.0,0
Fishtales: The Christmas Whale,Animation,65,0.0,0
Broken oath Chapter #2 Blood Bath on City Island,Animation,90,0.0,0
Gg Bond: Interstellar Action,Animation,0,0.0,0
Nefertiti Regina Inimilor,Animation,89,0.0,0
Fairytale Fun Force Storytime: Happy Jack,Animation,159,0.0,0
The Veyshal Movie,Animation,120,0.0,0
Mult v kino. Vypusk # 165: Multikov vsegda malo,Animation,49,0.0,0
Huang Pi: God of Money,Animation,82,0.0,0
Untitled Ambition: The Journey to Valtoria,Animation,0,0.0,0
2475 Dawn of Revolution,Animation,127,6.3,153
Minderler Adasi: Kilicin Sahibi,Animation,0,0.0,0
Nancy & Bill: The Story Before Oliver Twist,Animation,0,0.0,0
Mei Ren Yu De Xia Tian,Animation,0,0.0,0
Era un soñador,Animation,65,0.0,0
Mult v kino. Vypusk # 175,Animation,48,0.0,0
Golmaal Jr: Humshakals Ka Golmaal,Animation,46,0.0,0
Le mystère de Waza,Animation,0,0.0,0
Mult v kino. Vypusk # 168: Idyom na piknik!,Animation,51,0.0,0
Despierta tu alma,Animation,0,0.0,0
Naani Krissh's Jai Shree Ram,Animation,0,0.0,0
Little Richard the Shark,Animation,0,0.0,0
Me,Animation,60,0.0,0
Milk Teeth - Essere bambine in Afghanistan,Animation,0,0.0,0
Um Tempo de Todos,Animation,132,0.0,0
Kek 2,Animation,98,0.0,0
Diego of the Dead 2,Animation,60,0.0,0
"Abenzaidún y Wallada, amor eterno",Animation,67,0.0,0
The Photographer,Animation,0,0.0,0
The Things I Have Seen,Animation,90,0.0,0
Tax on Cigarettes,Animation,0,0.0,0
Gift,Animation,0,0.0,0
Métasexe,Animation,42,0.0,0
Kustomonsters 3,Animation,54,0.0,0
Criaturas Sorridentes,Animation,0,0.0,0
The Burgger and Frogger Movie,Animation,0,0.0,0
Pikmin Destruction,Animation,95,0.0,0
Sunny,Animation,0,0.0,0
Baby Pillows,Animation,0,0.0,0
Blossomele,Animation,53,0.0,0
Frost: End of the Ashics,Animation,57,0.0,0
Cekárna,Animation,3,0.0,0
Dreamscape Vibes: Halloween Dance Party,Animation,61,0.0,0
Snow White's Storytime: The Wishing-Stone Stories,Animation,296,0.0,0
Five Nights at TK's: The Curse of TK,Animation,60,0.0,0
Skazochnyy patrul,Animation,75,0.0,0
The Redemption of Zack & Heather (Remastered),Animation,0,0.0,0
Mult v kino. Vypusk # 173: Sekrety druzhby!,Animation,48,0.0,0
Mel John,Animation,115,0.0,0
Outcome,Animation,51,0.0,0
Mutation X,Animation,51,0.0,0
Collection Ansorge,Animation,90,0.0,0
Bonehead: A Fortnite Legend,Animation,106,0.0,0
VS Volume 4,Animation,0,0.0,0
Worship,Animation,75,0.0,0
Psycho City: The Movie,Animation,117,0.0,0
Slides for the Lecture-Performance,Animation,55,0.0,0
Healing for the Nations,Animation,3,0.0,0
Apperception,Animation,62,0.0,0
Thanksgiving in Wonderland,Animation,65,0.0,0
Strawberry School Festival!!!,Animation,83,0.0,0
Skullmaster: The Warrior of Havoc,Animation,0,0.0,0
